store,sku,product,price,date
F,4aaa576d,Silicon Power 256GB SSD 3D NAND A55 SLC Cache Performance Boost SATA III 2.5,166.0,1990-06-07
B,b44793d7,Mens Casual Premium Slim Fit T-Shirts ,546.0,1990-03-08
B,f7a0511d,White Gold Plated Princess,131.5,1986-07-07
A,6b6a8139,BIYLACLESEN Women's 3-in-1 Snowboard Jacket Winter Coats,8.5,2001-12-17
D,74ec143d,Mens Casual Premium Slim Fit T-Shirts ,51.0,2000-08-30
B,49cb5358,White Gold Plated Princess,137.57,2006-10-08
E,7281b57a,Mens Casual Slim Fit,93.0,2007-06-19
C,7b745029,SanDisk SSD PLUS 1TB Internal SSD - SATA III 6 Gb/s,31.6,2001-09-02
E,f62bad40,SanDisk SSD PLUS 1TB Internal SSD - SATA III 6 Gb/s,115.57,1996-07-06
D,2baf6045,Pierced Owl Rose Gold Plated Stainless Steel Double,89.2,2019-01-14
D,87e765e0,MBJ Women's Solid Short Sleeve Boat Neck V ,149.5,1997-11-30
E,e886859e,Mens Casual Premium Slim Fit T-Shirts ,111.0,1989-04-27
B,4ad8dc43,MBJ Women's Solid Short Sleeve Boat Neck V ,136.5,1985-04-07
A,090a5146,White Gold Plated Princess,199.67,2021-03-02
D,1d3c596e,Lock and Love Women's Removable Hooded Faux Leather Moto Biker Jacket,9.8,2021-08-19
A,d6a8f255,White Gold Plated Princess,80.67,2018-04-17
A,0b1496cf,WD 4TB Gaming Drive Works with Playstation 4 Portable External Hard Drive,66.0,1987-04-09
D,be42310a,Acer SB220Q bi 21.5 inches Full HD (1920 x 1080) IPS Ultra-Thin,50.4,1984-11-06
A,a7441952,WD 4TB Gaming Drive Works with Playstation 4 Portable External Hard Drive,317.67,2002-10-11
B,7fb393ab,Silicon Power 256GB SSD 3D NAND A55 SLC Cache Performance Boost SATA III 2.5,47.0,2010-10-15
A,3f7002b5,Solid Gold Petite Micropave ,86.5,2018-05-24
D,52811793,Mens Cotton Jacket,58.71,1990-12-01
A,fb408e08,WD 4TB Gaming Drive Works with Playstation 4 Portable External Hard Drive,135.2,1993-10-20
F,87f2e601,"Fjallraven - Foldsack No. 1 Backpack, Fits 15 Laptops",64.33,1971-02-18
A,da073ec4,Opna Women's Short Sleeve Moisture,7.86,1973-05-02
F,8a7cf497,Mens Casual Premium Slim Fit T-Shirts ,22.75,2014-06-29
B,a9ab28fd,DANVOUY Womens T Shirt Casual Cotton Short,94.14,2002-09-03
B,925a0c7a,John Hardy Women's Legends Naga Gold & Silver Dragon Station Chain Bracelet,391.0,1988-10-31
D,f8408093,"Fjallraven - Foldsack No. 1 Backpack, Fits 15 Laptops",201.5,2001-10-09
E,6995b4d5,Opna Women's Short Sleeve Moisture,41.43,1982-04-07
F,2359a77f,DANVOUY Womens T Shirt Casual Cotton Short,78.5,1981-02-07
D,2974c682,Pierced Owl Rose Gold Plated Stainless Steel Double,81.2,2015-12-27
A,05283bab,Mens Cotton Jacket,23.71,1981-06-24
B,65dedb2c,WD 4TB Gaming Drive Works with Playstation 4 Portable External Hard Drive,595.0,2005-10-07
E,dadebc93,WD 2TB Elements Portable External Hard Drive - USB 3.0 ,47.89,1971-05-21
A,a6a1ac74,Acer SB220Q bi 21.5 inches Full HD (1920 x 1080) IPS Ultra-Thin,33.71,2015-02-27
A,cf48fdca,Mens Cotton Jacket,61.62,1975-07-29
A,42879a1a,Solid Gold Petite Micropave ,70.75,1985-08-01
D,e533d40f,"Fjallraven - Foldsack No. 1 Backpack, Fits 15 Laptops",98.9,2013-11-12
E,8056844f,DANVOUY Womens T Shirt Casual Cotton Short,126.25,2004-10-10
C,58f2d77e,Solid Gold Petite Micropave ,75.33,2010-12-17
D,fc8d8547,Samsung 49-Inch CHG90 144Hz Curved Gaming Monitor (LC49HG90DMNXZA) – Super Ultrawide Screen QLED ,149.33,2007-08-19
C,0a1fc967,Rain Jacket Women Windbreaker Striped Climbing Raincoats,249.25,2002-03-31
C,154b253e,Mens Casual Slim Fit,165.4,2020-06-27
D,0c801ac5,BIYLACLESEN Women's 3-in-1 Snowboard Jacket Winter Coats,194.5,2004-10-03
E,9a06520f,SanDisk SSD PLUS 1TB Internal SSD - SATA III 6 Gb/s,183.25,1980-06-20
D,e1623fca,Mens Casual Premium Slim Fit T-Shirts ,109.14,1974-04-18
D,ac995728,BIYLACLESEN Women's 3-in-1 Snowboard Jacket Winter Coats,99.57,1975-10-12
A,8fa1ad43,Lock and Love Women's Removable Hooded Faux Leather Moto Biker Jacket,57.5,1997-04-16
F,a8d86639,Lock and Love Women's Removable Hooded Faux Leather Moto Biker Jacket,43.62,2004-08-15
C,ffbf4bbb,Mens Casual Slim Fit,42.0,1990-07-25
B,09e402c7,WD 2TB Elements Portable External Hard Drive - USB 3.0 ,48.25,1987-01-29
D,750ad799,BIYLACLESEN Women's 3-in-1 Snowboard Jacket Winter Coats,482.5,1977-01-28
F,83261b3e,John Hardy Women's Legends Naga Gold & Silver Dragon Station Chain Bracelet,117.71,2012-02-07
B,abc1bb42,WD 2TB Elements Portable External Hard Drive - USB 3.0 ,94.1,1999-08-02
B,baaac3e4,WD 4TB Gaming Drive Works with Playstation 4 Portable External Hard Drive,31.0,2017-06-14
D,3a01d2cb,Mens Casual Slim Fit,18.83,1982-11-23
B,4c6446e1,Mens Casual Slim Fit,263.33,1994-01-06
B,0d2f436c,DANVOUY Womens T Shirt Casual Cotton Short,168.5,1981-08-20
A,1e1e566b,Mens Cotton Jacket,46.5,2017-09-22
F,ece8b1a3,John Hardy Women's Legends Naga Gold & Silver Dragon Station Chain Bracelet,35.8,1988-03-30
A,9b85b40e,DANVOUY Womens T Shirt Casual Cotton Short,209.0,2008-06-09
E,9c6337f0,Mens Casual Slim Fit,208.67,1985-04-12
B,0aedc0bf,Mens Casual Premium Slim Fit T-Shirts ,87.25,1986-05-02
F,367fbbbc,WD 2TB Elements Portable External Hard Drive - USB 3.0 ,29.86,2021-08-09
A,4380ce9c,Solid Gold Petite Micropave ,80.5,2012-09-29
B,de03b0c7,Mens Casual Premium Slim Fit T-Shirts ,104.71,1970-12-09
D,65b13cb3,John Hardy Women's Legends Naga Gold & Silver Dragon Station Chain Bracelet,6.56,1993-08-30
E,7d0f4008,SanDisk SSD PLUS 1TB Internal SSD - SATA III 6 Gb/s,199.0,2016-07-13
B,6e142464,DANVOUY Womens T Shirt Casual Cotton Short,140.67,1985-11-16
C,dff1a054,Silicon Power 256GB SSD 3D NAND A55 SLC Cache Performance Boost SATA III 2.5,282.0,1978-08-28
E,a3641917,Opna Women's Short Sleeve Moisture,77.6,1974-07-27
E,c2258e30,WD 2TB Elements Portable External Hard Drive - USB 3.0 ,36.11,1978-08-01
B,c14710a2,Samsung 49-Inch CHG90 144Hz Curved Gaming Monitor (LC49HG90DMNXZA) – Super Ultrawide Screen QLED ,186.67,2018-04-08
A,84767678,MBJ Women's Solid Short Sleeve Boat Neck V ,106.29,2005-08-20
F,2c41efc3,DANVOUY Womens T Shirt Casual Cotton Short,137.0,1989-11-19
C,e286aea4,MBJ Women's Solid Short Sleeve Boat Neck V ,33.33,2009-04-16
A,ecb1fbdb,"Fjallraven - Foldsack No. 1 Backpack, Fits 15 Laptops",101.67,1978-11-26
F,9ddc6eac,WD 2TB Elements Portable External Hard Drive - USB 3.0 ,106.11,1984-02-15
C,385f1486,BIYLACLESEN Women's 3-in-1 Snowboard Jacket Winter Coats,194.25,1970-05-14
F,5dfc5fea,"Fjallraven - Foldsack No. 1 Backpack, Fits 15 Laptops",85.0,1971-07-22
D,a6813e5b,Lock and Love Women's Removable Hooded Faux Leather Moto Biker Jacket,115.25,1983-02-17
E,12d43814,John Hardy Women's Legends Naga Gold & Silver Dragon Station Chain Bracelet,41.33,1982-10-05
D,56502181,Mens Casual Slim Fit,212.0,1992-05-30
F,7216318e,John Hardy Women's Legends Naga Gold & Silver Dragon Station Chain Bracelet,69.62,1986-02-27
C,21c0155d,Pierced Owl Rose Gold Plated Stainless Steel Double,113.0,2006-01-10
C,c76237ac,DANVOUY Womens T Shirt Casual Cotton Short,264.5,1990-09-09
B,8c3dc374,MBJ Women's Solid Short Sleeve Boat Neck V ,0.2,1994-03-08
C,d9af42c7,Mens Casual Slim Fit,10.0,2015-12-08
D,f3d4d0eb,White Gold Plated Princess,73.5,1998-05-31
C,5ce2f772,Mens Cotton Jacket,98.3,1991-10-19
E,e0653c67,Mens Cotton Jacket,98.89,2021-08-12
C,173f6bdd,Mens Casual Slim Fit,36.0,1978-02-27
B,016044cc,Lock and Love Women's Removable Hooded Faux Leather Moto Biker Jacket,127.67,1995-03-10
D,db7ed136,White Gold Plated Princess,120.33,2008-03-19
C,240bc555,Lock and Love Women's Removable Hooded Faux Leather Moto Biker Jacket,307.0,2002-10-28
F,23c6e18c,Mens Casual Slim Fit,101.62,2010-11-21
E,4f338073,"Fjallraven - Foldsack No. 1 Backpack, Fits 15 Laptops",19.5,2001-03-20
A,26723603,"Fjallraven - Foldsack No. 1 Backpack, Fits 15 Laptops",44.7,2019-02-09
D,6eecc2e2,Mens Casual Premium Slim Fit T-Shirts ,22.2,2016-02-15
F,df9c49a9,BIYLACLESEN Women's 3-in-1 Snowboard Jacket Winter Coats,142.14,1972-08-06
E,9d409508,BIYLACLESEN Women's 3-in-1 Snowboard Jacket Winter Coats,86.12,1990-01-28
C,7656f935,MBJ Women's Solid Short Sleeve Boat Neck V ,41.11,1983-04-04
D,d98d3f82,"Fjallraven - Foldsack No. 1 Backpack, Fits 15 Laptops",82.5,1993-01-28
E,cdbb7fd5,Samsung 49-Inch CHG90 144Hz Curved Gaming Monitor (LC49HG90DMNXZA) – Super Ultrawide Screen QLED ,324.0,1977-02-01
A,b60ba6fb,Mens Casual Premium Slim Fit T-Shirts ,89.33,1992-01-05
D,59928c37,WD 2TB Elements Portable External Hard Drive - USB 3.0 ,211.0,2019-08-20
F,de5b199f,Acer SB220Q bi 21.5 inches Full HD (1920 x 1080) IPS Ultra-Thin,43.6,1974-04-22
A,5d89f36e,"Fjallraven - Foldsack No. 1 Backpack, Fits 15 Laptops",222.25,2022-04-29
D,f04bf89c,DANVOUY Womens T Shirt Casual Cotton Short,114.86,1971-08-03
E,64e33903,Silicon Power 256GB SSD 3D NAND A55 SLC Cache Performance Boost SATA III 2.5,29.78,2007-02-24
C,0c4a2686,Silicon Power 256GB SSD 3D NAND A55 SLC Cache Performance Boost SATA III 2.5,170.2,2005-12-21
F,eadd4689,Pierced Owl Rose Gold Plated Stainless Steel Double,354.0,1994-03-08
C,2798dc4f,Opna Women's Short Sleeve Moisture,519.0,1999-04-21
F,18cf9240,Rain Jacket Women Windbreaker Striped Climbing Raincoats,137.0,2008-07-12
C,efbe3686,Solid Gold Petite Micropave ,42.6,1988-09-26
C,5100cf37,Rain Jacket Women Windbreaker Striped Climbing Raincoats,301.5,1990-05-28
D,4742fe0c,DANVOUY Womens T Shirt Casual Cotton Short,28.2,2016-11-01
F,1a3d7b23,WD 4TB Gaming Drive Works with Playstation 4 Portable External Hard Drive,275.5,1994-02-25
D,7135c760,"Fjallraven - Foldsack No. 1 Backpack, Fits 15 Laptops",80.7,2020-06-27
E,3694e843,Pierced Owl Rose Gold Plated Stainless Steel Double,23.3,2003-03-16
E,c426de2e,Silicon Power 256GB SSD 3D NAND A55 SLC Cache Performance Boost SATA III 2.5,156.83,1970-10-08
B,4460f820,DANVOUY Womens T Shirt Casual Cotton Short,284.33,1978-01-05
F,745e7dbd,Mens Casual Slim Fit,420.5,1995-05-06
A,7ea80b51,Opna Women's Short Sleeve Moisture,469.5,1991-09-23
C,396399d1,Samsung 49-Inch CHG90 144Hz Curved Gaming Monitor (LC49HG90DMNXZA) – Super Ultrawide Screen QLED ,27.56,2017-03-01
C,bad01e88,Silicon Power 256GB SSD 3D NAND A55 SLC Cache Performance Boost SATA III 2.5,191.2,1985-11-08
B,4d8244c9,Mens Cotton Jacket,26.2,1978-09-05
A,c574c6aa,DANVOUY Womens T Shirt Casual Cotton Short,175.0,1987-10-20
C,339d049c,White Gold Plated Princess,6.2,1995-03-17
F,3b758a07,Mens Casual Slim Fit,91.25,2008-10-02
E,3dc9664e,Mens Cotton Jacket,179.5,1987-02-19
C,2464e745,"Fjallraven - Foldsack No. 1 Backpack, Fits 15 Laptops",135.2,2015-02-03
E,a5712c8c,Opna Women's Short Sleeve Moisture,176.0,1972-12-02
B,c014d108,WD 4TB Gaming Drive Works with Playstation 4 Portable External Hard Drive,84.6,1993-02-10
C,4416e441,DANVOUY Womens T Shirt Casual Cotton Short,241.5,2021-11-22
E,bfc45bdd,Pierced Owl Rose Gold Plated Stainless Steel Double,24.88,2003-10-16
B,cb167b5c,Samsung 49-Inch CHG90 144Hz Curved Gaming Monitor (LC49HG90DMNXZA) – Super Ultrawide Screen QLED ,84.56,2000-09-28
A,59d9b7de,Rain Jacket Women Windbreaker Striped Climbing Raincoats,34.0,2000-06-19
A,4cd88a0c,Acer SB220Q bi 21.5 inches Full HD (1920 x 1080) IPS Ultra-Thin,43.38,1970-03-10
C,d1756593,DANVOUY Womens T Shirt Casual Cotton Short,75.0,2019-04-22
E,974ebf0f,Opna Women's Short Sleeve Moisture,360.0,1983-04-08
A,aa2e7070,WD 4TB Gaming Drive Works with Playstation 4 Portable External Hard Drive,248.33,1972-03-25
D,0c1a5ad1,Acer SB220Q bi 21.5 inches Full HD (1920 x 1080) IPS Ultra-Thin,164.5,1977-11-27
A,ad40dd2d,BIYLACLESEN Women's 3-in-1 Snowboard Jacket Winter Coats,10.67,2021-09-22
F,c7399c7f,Solid Gold Petite Micropave ,102.11,1998-08-29
C,bd341513,Silicon Power 256GB SSD 3D NAND A55 SLC Cache Performance Boost SATA III 2.5,58.83,1978-10-13
A,19c208fa,Solid Gold Petite Micropave ,130.0,1981-01-21
F,d55cf476,Mens Casual Premium Slim Fit T-Shirts ,50.44,2000-11-19
E,c8cc7cdd,Mens Casual Slim Fit,122.29,2011-01-07
B,8ce76c1d,SanDisk SSD PLUS 1TB Internal SSD - SATA III 6 Gb/s,98.29,1979-01-01
F,b28ab8a3,WD 4TB Gaming Drive Works with Playstation 4 Portable External Hard Drive,31.0,2014-12-19
E,a62c3dc7,BIYLACLESEN Women's 3-in-1 Snowboard Jacket Winter Coats,10.0,1980-07-16
B,1f65f5f4,Acer SB220Q bi 21.5 inches Full HD (1920 x 1080) IPS Ultra-Thin,37.5,1990-05-04
E,ccd1cf13,BIYLACLESEN Women's 3-in-1 Snowboard Jacket Winter Coats,28.3,1995-01-04
F,f94d44d1,BIYLACLESEN Women's 3-in-1 Snowboard Jacket Winter Coats,126.6,2001-12-28
A,70567a0b,Samsung 49-Inch CHG90 144Hz Curved Gaming Monitor (LC49HG90DMNXZA) – Super Ultrawide Screen QLED ,46.67,1990-01-20
A,05d823ba,Pierced Owl Rose Gold Plated Stainless Steel Double,446.0,1970-09-19
D,510cc730,Rain Jacket Women Windbreaker Striped Climbing Raincoats,32.5,1981-02-08
F,31de61a2,White Gold Plated Princess,44.0,2019-05-29
B,c71b3660,MBJ Women's Solid Short Sleeve Boat Neck V ,11.5,1987-05-03
A,1aafa505,John Hardy Women's Legends Naga Gold & Silver Dragon Station Chain Bracelet,62.2,2007-11-05
F,a071436a,Mens Casual Premium Slim Fit T-Shirts ,119.71,1977-07-06
F,13be14b6,John Hardy Women's Legends Naga Gold & Silver Dragon Station Chain Bracelet,19.2,2002-01-11
A,39b77ee1,DANVOUY Womens T Shirt Casual Cotton Short,83.75,1996-03-18
B,e97336c1,Mens Casual Premium Slim Fit T-Shirts ,157.4,1981-07-07
E,e83de2c7,White Gold Plated Princess,71.86,1994-10-26
A,28399201,Silicon Power 256GB SSD 3D NAND A55 SLC Cache Performance Boost SATA III 2.5,67.0,1990-07-30
A,dc3486bb,SanDisk SSD PLUS 1TB Internal SSD - SATA III 6 Gb/s,85.11,1976-11-14
E,24cfc1b2,Pierced Owl Rose Gold Plated Stainless Steel Double,21.25,2010-03-22
F,4b99b6c9,Lock and Love Women's Removable Hooded Faux Leather Moto Biker Jacket,283.0,1988-11-03
F,6f43bb72,Pierced Owl Rose Gold Plated Stainless Steel Double,6.5,2007-09-11
E,9cd35505,Pierced Owl Rose Gold Plated Stainless Steel Double,256.5,1989-11-11
E,7e57ef08,John Hardy Women's Legends Naga Gold & Silver Dragon Station Chain Bracelet,222.33,2021-06-30
C,230026ea,Silicon Power 256GB SSD 3D NAND A55 SLC Cache Performance Boost SATA III 2.5,88.25,1989-08-03
C,5d06e12d,"Fjallraven - Foldsack No. 1 Backpack, Fits 15 Laptops",13.0,1997-05-27
B,2f7dbc3b,Silicon Power 256GB SSD 3D NAND A55 SLC Cache Performance Boost SATA III 2.5,20.44,2018-07-01
E,f3aaa342,DANVOUY Womens T Shirt Casual Cotton Short,21.11,1987-08-31
D,a79e6306,Pierced Owl Rose Gold Plated Stainless Steel Double,168.5,1975-06-04
A,06db8379,WD 4TB Gaming Drive Works with Playstation 4 Portable External Hard Drive,34.83,2001-05-17
C,83d41271,WD 2TB Elements Portable External Hard Drive - USB 3.0 ,81.17,1984-11-19
F,bd4064f1,John Hardy Women's Legends Naga Gold & Silver Dragon Station Chain Bracelet,97.33,1970-01-28
E,81606b38,WD 4TB Gaming Drive Works with Playstation 4 Portable External Hard Drive,295.0,1988-07-05
C,61bef501,Opna Women's Short Sleeve Moisture,193.5,2014-09-25
D,69da4780,White Gold Plated Princess,41.25,1983-04-07
C,a9cf6918,White Gold Plated Princess,140.67,1983-07-16
F,4ef8e6c9,Samsung 49-Inch CHG90 144Hz Curved Gaming Monitor (LC49HG90DMNXZA) – Super Ultrawide Screen QLED ,2.0,1995-02-12
C,be9349de,WD 2TB Elements Portable External Hard Drive - USB 3.0 ,182.33,1985-01-18
B,9ebb1d09,Lock and Love Women's Removable Hooded Faux Leather Moto Biker Jacket,98.75,1999-05-28
B,09497043,Solid Gold Petite Micropave ,85.67,2008-02-26
D,8b229924,Pierced Owl Rose Gold Plated Stainless Steel Double,76.44,1996-09-25
E,4de905f5,Acer SB220Q bi 21.5 inches Full HD (1920 x 1080) IPS Ultra-Thin,227.33,1971-03-28
E,9a0d866b,WD 4TB Gaming Drive Works with Playstation 4 Portable External Hard Drive,184.5,1995-11-04
D,fc3795b5,Samsung 49-Inch CHG90 144Hz Curved Gaming Monitor (LC49HG90DMNXZA) – Super Ultrawide Screen QLED ,60.67,1997-03-09
B,45b55774,Rain Jacket Women Windbreaker Striped Climbing Raincoats,94.2,2004-09-21
F,51c44401,SanDisk SSD PLUS 1TB Internal SSD - SATA III 6 Gb/s,162.5,1996-03-15
C,82cf1cb3,Lock and Love Women's Removable Hooded Faux Leather Moto Biker Jacket,98.22,1983-02-12
E,38911e58,Samsung 49-Inch CHG90 144Hz Curved Gaming Monitor (LC49HG90DMNXZA) – Super Ultrawide Screen QLED ,109.0,1981-10-18
E,6393e59a,Silicon Power 256GB SSD 3D NAND A55 SLC Cache Performance Boost SATA III 2.5,10.38,1992-01-13
C,99730ebb,White Gold Plated Princess,110.67,2019-05-23
B,e9fd0f02,Samsung 49-Inch CHG90 144Hz Curved Gaming Monitor (LC49HG90DMNXZA) – Super Ultrawide Screen QLED ,79.56,1987-06-08
A,e2ceb1fe,SanDisk SSD PLUS 1TB Internal SSD - SATA III 6 Gb/s,489.0,2007-11-01
D,673c95c4,Mens Casual Slim Fit,89.56,1994-03-09
C,ebdab058,BIYLACLESEN Women's 3-in-1 Snowboard Jacket Winter Coats,25.78,1992-10-03
F,15245797,White Gold Plated Princess,85.33,1989-06-22
A,1c2d9f22,SanDisk SSD PLUS 1TB Internal SSD - SATA III 6 Gb/s,45.17,1970-11-10
E,d80f96a8,Mens Casual Premium Slim Fit T-Shirts ,87.0,1971-11-16
A,1878f022,Silicon Power 256GB SSD 3D NAND A55 SLC Cache Performance Boost SATA III 2.5,121.6,1991-07-21
E,9f3adcc9,Acer SB220Q bi 21.5 inches Full HD (1920 x 1080) IPS Ultra-Thin,184.2,2001-08-30
F,97489d8d,SanDisk SSD PLUS 1TB Internal SSD - SATA III 6 Gb/s,41.83,1993-01-15
C,618bcf1a,Rain Jacket Women Windbreaker Striped Climbing Raincoats,68.14,2020-08-04
F,698aef34,Solid Gold Petite Micropave ,85.25,1980-05-10
C,7f60e2b3,Silicon Power 256GB SSD 3D NAND A55 SLC Cache Performance Boost SATA III 2.5,96.25,2006-02-19
C,4f23e1ff,MBJ Women's Solid Short Sleeve Boat Neck V ,142.67,1986-09-12
D,b33962c6,SanDisk SSD PLUS 1TB Internal SSD - SATA III 6 Gb/s,24.0,2014-09-12
F,931aba0f,Acer SB220Q bi 21.5 inches Full HD (1920 x 1080) IPS Ultra-Thin,245.25,1985-09-03
E,3608e104,Mens Casual Premium Slim Fit T-Shirts ,428.5,2013-11-25
D,24d4cd7a,Rain Jacket Women Windbreaker Striped Climbing Raincoats,201.75,2020-08-08
B,3d95bd02,Solid Gold Petite Micropave ,261.67,2003-10-11
A,a42bbf63,Opna Women's Short Sleeve Moisture,1.5,1979-01-06
D,94329467,Silicon Power 256GB SSD 3D NAND A55 SLC Cache Performance Boost SATA III 2.5,12.67,1976-03-07
C,f55b0cce,SanDisk SSD PLUS 1TB Internal SSD - SATA III 6 Gb/s,51.62,1992-02-13
D,41c00303,SanDisk SSD PLUS 1TB Internal SSD - SATA III 6 Gb/s,46.17,1999-08-12
A,e946ebd9,Mens Casual Premium Slim Fit T-Shirts ,145.0,2014-05-26
D,2ae21775,Pierced Owl Rose Gold Plated Stainless Steel Double,106.33,2007-12-12
F,d3ebf68c,MBJ Women's Solid Short Sleeve Boat Neck V ,100.0,2019-07-06
C,4ad098c5,Mens Casual Premium Slim Fit T-Shirts ,587.0,1982-04-26
C,bdb221fc,Rain Jacket Women Windbreaker Striped Climbing Raincoats,21.5,1991-06-04
C,1fa85f00,Rain Jacket Women Windbreaker Striped Climbing Raincoats,24.44,2019-12-26
C,7f823168,WD 2TB Elements Portable External Hard Drive - USB 3.0 ,14.88,1996-03-17
A,ce9f7f0b,Mens Casual Premium Slim Fit T-Shirts ,105.0,1983-02-18
A,b7e90704,MBJ Women's Solid Short Sleeve Boat Neck V ,247.75,1987-01-10
C,7be9d91f,BIYLACLESEN Women's 3-in-1 Snowboard Jacket Winter Coats,14.0,2010-09-25
B,3bc8f3d9,Mens Casual Premium Slim Fit T-Shirts ,324.5,1989-01-28
B,aa6224be,Pierced Owl Rose Gold Plated Stainless Steel Double,48.0,1985-09-19
F,9c714423,Rain Jacket Women Windbreaker Striped Climbing Raincoats,551.0,1985-04-10
C,1b87c642,Opna Women's Short Sleeve Moisture,65.12,2010-08-07
B,e470eca8,DANVOUY Womens T Shirt Casual Cotton Short,75.43,1971-01-03
C,c26ca455,"Fjallraven - Foldsack No. 1 Backpack, Fits 15 Laptops",8.57,1977-08-19
B,8748f126,MBJ Women's Solid Short Sleeve Boat Neck V ,35.5,1978-07-07
B,431cbbe1,WD 4TB Gaming Drive Works with Playstation 4 Portable External Hard Drive,30.5,1983-01-02
B,0e594728,Solid Gold Petite Micropave ,138.83,1988-08-24
B,bc5c5623,Mens Casual Premium Slim Fit T-Shirts ,12.5,1986-08-08
A,05f77df1,SanDisk SSD PLUS 1TB Internal SSD - SATA III 6 Gb/s,37.67,1982-07-14
D,c4e1f537,White Gold Plated Princess,190.2,2014-09-21
A,b54fa055,Mens Casual Slim Fit,324.0,1999-06-06
C,ef50f04c,Solid Gold Petite Micropave ,3.0,2009-05-21
D,b1fb7536,Opna Women's Short Sleeve Moisture,750.0,1996-04-06
E,8ed6ffa8,Samsung 49-Inch CHG90 144Hz Curved Gaming Monitor (LC49HG90DMNXZA) – Super Ultrawide Screen QLED ,166.33,1996-11-09
C,49719dce,Lock and Love Women's Removable Hooded Faux Leather Moto Biker Jacket,416.0,2009-09-08
E,10c9044f,John Hardy Women's Legends Naga Gold & Silver Dragon Station Chain Bracelet,38.0,2008-04-20
D,7b8cdbfc,Mens Casual Slim Fit,126.4,1980-06-07
C,84e7cae8,White Gold Plated Princess,111.62,2015-04-28
B,c30e3666,Mens Casual Slim Fit,71.17,1987-04-25
F,9063d412,Rain Jacket Women Windbreaker Striped Climbing Raincoats,108.33,2001-10-29
B,444bf80a,Lock and Love Women's Removable Hooded Faux Leather Moto Biker Jacket,587.0,2004-04-02
C,fe33de4d,SanDisk SSD PLUS 1TB Internal SSD - SATA III 6 Gb/s,763.0,1985-05-01
D,0303fb7c,Silicon Power 256GB SSD 3D NAND A55 SLC Cache Performance Boost SATA III 2.5,81.83,2011-05-18
A,0a97fcee,Acer SB220Q bi 21.5 inches Full HD (1920 x 1080) IPS Ultra-Thin,26.88,1975-03-24
C,6ef5b2ab,Mens Cotton Jacket,45.0,2019-09-01
A,34104f54,John Hardy Women's Legends Naga Gold & Silver Dragon Station Chain Bracelet,30.67,1990-06-15
C,7a1c93f8,WD 2TB Elements Portable External Hard Drive - USB 3.0 ,142.75,1982-08-12
A,6ae7eb45,BIYLACLESEN Women's 3-in-1 Snowboard Jacket Winter Coats,123.2,1981-08-31
F,a3595aa1,WD 4TB Gaming Drive Works with Playstation 4 Portable External Hard Drive,69.75,1986-10-08
B,f2021b54,MBJ Women's Solid Short Sleeve Boat Neck V ,217.0,1970-10-09
F,8096d47f,Solid Gold Petite Micropave ,72.86,1970-10-29
A,342bc2f4,MBJ Women's Solid Short Sleeve Boat Neck V ,80.6,2021-04-08
A,dbc32eb8,BIYLACLESEN Women's 3-in-1 Snowboard Jacket Winter Coats,226.5,1994-07-28
A,383cb0cc,Rain Jacket Women Windbreaker Striped Climbing Raincoats,88.75,2005-04-18
C,1c5d6c89,Mens Casual Slim Fit,79.11,2002-07-29
C,899706be,Mens Cotton Jacket,997.0,2012-02-13
E,ae4eef94,"Fjallraven - Foldsack No. 1 Backpack, Fits 15 Laptops",244.0,2008-07-07
C,4c7950fe,Mens Casual Premium Slim Fit T-Shirts ,85.33,2008-10-24
C,75384719,Lock and Love Women's Removable Hooded Faux Leather Moto Biker Jacket,9.0,2002-02-01
E,93dde023,Mens Cotton Jacket,11.57,1970-01-01
B,b69a42a4,WD 2TB Elements Portable External Hard Drive - USB 3.0 ,92.8,1982-09-23
F,f97305cb,White Gold Plated Princess,21.1,1994-01-09
F,eeb9806b,Silicon Power 256GB SSD 3D NAND A55 SLC Cache Performance Boost SATA III 2.5,123.14,2016-10-09
D,61faa156,Mens Casual Premium Slim Fit T-Shirts ,244.0,1986-08-02
D,e2e9271c,Pierced Owl Rose Gold Plated Stainless Steel Double,28.6,1983-09-14
A,16a6bc4c,MBJ Women's Solid Short Sleeve Boat Neck V ,83.86,1986-11-27
E,f661e536,"Fjallraven - Foldsack No. 1 Backpack, Fits 15 Laptops",2.2,1997-02-01
D,3ee36276,Mens Casual Premium Slim Fit T-Shirts ,126.2,2007-03-06
F,e1ff4818,White Gold Plated Princess,153.5,2012-03-18
F,6b1f8c2d,Rain Jacket Women Windbreaker Striped Climbing Raincoats,198.2,2001-12-17
F,0e92e1a6,BIYLACLESEN Women's 3-in-1 Snowboard Jacket Winter Coats,3.33,2007-05-07
F,2d98f399,Lock and Love Women's Removable Hooded Faux Leather Moto Biker Jacket,318.5,2002-07-22
D,3a909cfd,SanDisk SSD PLUS 1TB Internal SSD - SATA III 6 Gb/s,4.88,2010-08-06
D,71121440,Rain Jacket Women Windbreaker Striped Climbing Raincoats,305.67,2008-08-05
E,045b13ae,Acer SB220Q bi 21.5 inches Full HD (1920 x 1080) IPS Ultra-Thin,32.67,1998-07-05
F,4a322017,Mens Casual Premium Slim Fit T-Shirts ,53.3,2008-03-13
B,c894e39a,Opna Women's Short Sleeve Moisture,893.0,2001-06-09
D,a8226313,Rain Jacket Women Windbreaker Striped Climbing Raincoats,102.12,1971-06-27
C,cf72773d,Silicon Power 256GB SSD 3D NAND A55 SLC Cache Performance Boost SATA III 2.5,125.0,1991-08-29
A,79ac6130,Pierced Owl Rose Gold Plated Stainless Steel Double,110.44,2002-11-01
B,74d8977c,Acer SB220Q bi 21.5 inches Full HD (1920 x 1080) IPS Ultra-Thin,176.75,1980-08-12
B,5478e524,White Gold Plated Princess,96.67,2017-05-20
B,2369ccf8,Opna Women's Short Sleeve Moisture,90.5,1972-01-20
D,312662db,Rain Jacket Women Windbreaker Striped Climbing Raincoats,74.5,1993-08-03
A,af1d6c3d,DANVOUY Womens T Shirt Casual Cotton Short,171.8,1988-06-26
C,3d08f9ee,Acer SB220Q bi 21.5 inches Full HD (1920 x 1080) IPS Ultra-Thin,540.0,2013-11-15
E,e1018583,"Fjallraven - Foldsack No. 1 Backpack, Fits 15 Laptops",57.33,2008-02-01
C,63a2747b,Rain Jacket Women Windbreaker Striped Climbing Raincoats,41.3,2000-01-26
C,d1cf8902,Samsung 49-Inch CHG90 144Hz Curved Gaming Monitor (LC49HG90DMNXZA) – Super Ultrawide Screen QLED ,863.0,1978-09-04
F,8d2994e1,Lock and Love Women's Removable Hooded Faux Leather Moto Biker Jacket,270.0,1985-11-20
B,67875534,Mens Casual Slim Fit,16.43,2007-05-05
A,26ea1e44,Acer SB220Q bi 21.5 inches Full HD (1920 x 1080) IPS Ultra-Thin,117.5,1999-05-30
B,ede9679d,John Hardy Women's Legends Naga Gold & Silver Dragon Station Chain Bracelet,65.14,2001-07-17
F,95dd4d96,Samsung 49-Inch CHG90 144Hz Curved Gaming Monitor (LC49HG90DMNXZA) – Super Ultrawide Screen QLED ,88.88,1972-04-09
A,c1e0ace5,MBJ Women's Solid Short Sleeve Boat Neck V ,48.0,1992-09-26
D,331b6375,WD 4TB Gaming Drive Works with Playstation 4 Portable External Hard Drive,29.71,1992-04-29
B,4be03121,Silicon Power 256GB SSD 3D NAND A55 SLC Cache Performance Boost SATA III 2.5,43.0,2021-08-15
C,58d1b3f6,Acer SB220Q bi 21.5 inches Full HD (1920 x 1080) IPS Ultra-Thin,37.67,2019-05-23
C,bedbb90e,WD 2TB Elements Portable External Hard Drive - USB 3.0 ,134.86,1996-10-11
C,54e0743b,BIYLACLESEN Women's 3-in-1 Snowboard Jacket Winter Coats,28.9,1971-05-05
A,7f9bed70,White Gold Plated Princess,114.0,1988-12-17
D,83660b9c,DANVOUY Womens T Shirt Casual Cotton Short,175.0,2014-07-11
F,5e70f6d5,MBJ Women's Solid Short Sleeve Boat Neck V ,198.25,2005-06-01
E,8569dca9,Silicon Power 256GB SSD 3D NAND A55 SLC Cache Performance Boost SATA III 2.5,87.17,1974-09-27
D,e3dd3355,Pierced Owl Rose Gold Plated Stainless Steel Double,83.5,1988-02-10
E,f303d84b,Samsung 49-Inch CHG90 144Hz Curved Gaming Monitor (LC49HG90DMNXZA) – Super Ultrawide Screen QLED ,105.38,2015-03-01
C,1ceeb5ea,White Gold Plated Princess,123.5,1986-11-25
E,6be7e811,Samsung 49-Inch CHG90 144Hz Curved Gaming Monitor (LC49HG90DMNXZA) – Super Ultrawide Screen QLED ,308.0,1986-03-12
A,9db719f4,White Gold Plated Princess,14.0,1992-04-16
C,7e2cae20,BIYLACLESEN Women's 3-in-1 Snowboard Jacket Winter Coats,112.4,1991-06-22
B,09c5ae28,Lock and Love Women's Removable Hooded Faux Leather Moto Biker Jacket,24.14,1984-06-09
A,677c57a4,White Gold Plated Princess,302.0,1983-06-08
F,eb87ce2d,DANVOUY Womens T Shirt Casual Cotton Short,252.33,1993-01-14
E,bb6919bf,Solid Gold Petite Micropave ,215.0,2022-01-06
D,d880dcad,SanDisk SSD PLUS 1TB Internal SSD - SATA III 6 Gb/s,241.25,2021-05-26
B,bbd49a51,Acer SB220Q bi 21.5 inches Full HD (1920 x 1080) IPS Ultra-Thin,815.0,2020-12-14
E,86c211f8,Opna Women's Short Sleeve Moisture,241.25,1972-03-15
B,af91e4f2,John Hardy Women's Legends Naga Gold & Silver Dragon Station Chain Bracelet,121.17,1976-09-10
C,09b99983,Silicon Power 256GB SSD 3D NAND A55 SLC Cache Performance Boost SATA III 2.5,32.67,1998-08-02
A,20f4072e,Mens Cotton Jacket,104.8,2010-05-02
B,e1ca3c80,DANVOUY Womens T Shirt Casual Cotton Short,6.4,1989-06-23
C,591d3305,John Hardy Women's Legends Naga Gold & Silver Dragon Station Chain Bracelet,182.5,2014-08-23
C,280e498d,Samsung 49-Inch CHG90 144Hz Curved Gaming Monitor (LC49HG90DMNXZA) – Super Ultrawide Screen QLED ,12.89,2001-09-24
C,a79e36ac,Mens Casual Slim Fit,276.67,2010-08-23
B,1046fabb,Acer SB220Q bi 21.5 inches Full HD (1920 x 1080) IPS Ultra-Thin,139.14,1989-10-03
E,06316ee8,White Gold Plated Princess,772.0,1973-05-03
A,9e2b2973,Acer SB220Q bi 21.5 inches Full HD (1920 x 1080) IPS Ultra-Thin,67.33,1971-05-13
E,78682b2d,WD 4TB Gaming Drive Works with Playstation 4 Portable External Hard Drive,50.38,1973-12-17
B,6e7c673e,Solid Gold Petite Micropave ,68.5,1971-10-07
E,0b5ce546,Mens Casual Slim Fit,108.14,1989-08-12
A,46964494,Samsung 49-Inch CHG90 144Hz Curved Gaming Monitor (LC49HG90DMNXZA) – Super Ultrawide Screen QLED ,36.5,2004-11-26
C,0d0ceb88,Lock and Love Women's Removable Hooded Faux Leather Moto Biker Jacket,490.0,1982-09-10
D,3c2265cc,DANVOUY Womens T Shirt Casual Cotton Short,778.0,1970-03-29
A,1fd17857,DANVOUY Womens T Shirt Casual Cotton Short,33.25,2019-02-09
A,4d2d53e7,SanDisk SSD PLUS 1TB Internal SSD - SATA III 6 Gb/s,99.75,1983-10-08
E,5310ee2b,Opna Women's Short Sleeve Moisture,109.67,1986-10-17
A,8d9a6b29,John Hardy Women's Legends Naga Gold & Silver Dragon Station Chain Bracelet,243.75,2002-05-01
A,817a3e27,Mens Casual Premium Slim Fit T-Shirts ,101.44,1975-09-18
F,f43102af,Rain Jacket Women Windbreaker Striped Climbing Raincoats,56.11,1987-07-07
D,bd14faec,"Fjallraven - Foldsack No. 1 Backpack, Fits 15 Laptops",233.75,2001-03-13
A,90e1f101,White Gold Plated Princess,11.67,2014-09-24
C,8be357b4,WD 4TB Gaming Drive Works with Playstation 4 Portable External Hard Drive,76.0,1984-03-22
C,c1d1cfaa,BIYLACLESEN Women's 3-in-1 Snowboard Jacket Winter Coats,360.0,2008-12-26
B,dbbfec42,Silicon Power 256GB SSD 3D NAND A55 SLC Cache Performance Boost SATA III 2.5,174.6,1972-07-19
C,4cc88cc3,Acer SB220Q bi 21.5 inches Full HD (1920 x 1080) IPS Ultra-Thin,244.25,2005-02-16
B,1438660d,MBJ Women's Solid Short Sleeve Boat Neck V ,886.0,1989-07-11
E,3319baee,Lock and Love Women's Removable Hooded Faux Leather Moto Biker Jacket,341.0,2020-09-30
D,bfc92f74,Mens Casual Slim Fit,652.0,1998-08-26
A,40aa2a59,John Hardy Women's Legends Naga Gold & Silver Dragon Station Chain Bracelet,7.0,1992-08-22
D,dc194989,Rain Jacket Women Windbreaker Striped Climbing Raincoats,162.5,1974-11-09
E,9f1054d4,WD 4TB Gaming Drive Works with Playstation 4 Portable External Hard Drive,77.22,1992-10-14
A,4e891430,Mens Casual Premium Slim Fit T-Shirts ,122.57,1990-07-28
F,b7e5fa0d,Acer SB220Q bi 21.5 inches Full HD (1920 x 1080) IPS Ultra-Thin,65.33,1970-12-27
F,ae7fcadf,Solid Gold Petite Micropave ,209.5,1986-04-07
F,5f43a5ed,Opna Women's Short Sleeve Moisture,52.2,2021-06-08
F,099b52d5,BIYLACLESEN Women's 3-in-1 Snowboard Jacket Winter Coats,47.5,1993-04-13
E,7bab197c,Rain Jacket Women Windbreaker Striped Climbing Raincoats,227.67,1989-07-28
F,41940e32,Rain Jacket Women Windbreaker Striped Climbing Raincoats,21.56,1997-02-20
A,a61b2de0,John Hardy Women's Legends Naga Gold & Silver Dragon Station Chain Bracelet,531.0,1977-02-05
F,7d364573,Rain Jacket Women Windbreaker Striped Climbing Raincoats,147.0,2001-03-08
A,9a15e564,White Gold Plated Princess,144.0,2021-04-16
B,77f26d84,"Fjallraven - Foldsack No. 1 Backpack, Fits 15 Laptops",61.0,1971-08-13
C,c200e487,Samsung 49-Inch CHG90 144Hz Curved Gaming Monitor (LC49HG90DMNXZA) – Super Ultrawide Screen QLED ,74.71,2008-06-02
E,b9733fa1,Mens Cotton Jacket,11.38,2006-01-27
B,b92d627f,Solid Gold Petite Micropave ,305.0,1982-01-07
A,24acc1e2,WD 2TB Elements Portable External Hard Drive - USB 3.0 ,331.0,1997-07-09
A,794a0a5e,Rain Jacket Women Windbreaker Striped Climbing Raincoats,91.0,2007-10-11
F,398d2796,WD 2TB Elements Portable External Hard Drive - USB 3.0 ,623.0,2017-05-13
D,6d782778,WD 2TB Elements Portable External Hard Drive - USB 3.0 ,484.0,1986-10-05
E,a996feed,BIYLACLESEN Women's 3-in-1 Snowboard Jacket Winter Coats,26.78,2006-09-09
E,4e8c82a8,Lock and Love Women's Removable Hooded Faux Leather Moto Biker Jacket,79.33,1990-04-23
C,97f7b3a2,Acer SB220Q bi 21.5 inches Full HD (1920 x 1080) IPS Ultra-Thin,33.67,1983-03-30
F,1ebd3aae,White Gold Plated Princess,99.33,1996-05-28
D,24df3574,SanDisk SSD PLUS 1TB Internal SSD - SATA III 6 Gb/s,90.33,1985-05-11
C,d518c046,Silicon Power 256GB SSD 3D NAND A55 SLC Cache Performance Boost SATA III 2.5,117.43,1979-02-20
E,e7b704cf,Silicon Power 256GB SSD 3D NAND A55 SLC Cache Performance Boost SATA III 2.5,31.71,2015-12-17
E,9ddec6f6,SanDisk SSD PLUS 1TB Internal SSD - SATA III 6 Gb/s,97.5,1995-08-20
D,d086e942,John Hardy Women's Legends Naga Gold & Silver Dragon Station Chain Bracelet,87.67,2020-02-13
B,9cf49fda,Samsung 49-Inch CHG90 144Hz Curved Gaming Monitor (LC49HG90DMNXZA) – Super Ultrawide Screen QLED ,121.5,1979-10-29
C,27735c62,Rain Jacket Women Windbreaker Striped Climbing Raincoats,661.0,2000-11-19
A,f9dd2000,White Gold Plated Princess,46.0,1980-09-19
C,5707fdcf,Opna Women's Short Sleeve Moisture,57.5,1982-06-30
B,794d65c2,WD 2TB Elements Portable External Hard Drive - USB 3.0 ,90.0,2014-12-16
A,e31c4621,Acer SB220Q bi 21.5 inches Full HD (1920 x 1080) IPS Ultra-Thin,722.0,2018-09-24
A,3eb44321,Solid Gold Petite Micropave ,51.8,2014-07-14
A,4a3e220a,WD 2TB Elements Portable External Hard Drive - USB 3.0 ,158.8,2022-09-12
A,6d7be5f1,Opna Women's Short Sleeve Moisture,67.56,2016-07-30
E,8ada0803,Rain Jacket Women Windbreaker Striped Climbing Raincoats,4.1,2019-02-03
E,835db8dc,Lock and Love Women's Removable Hooded Faux Leather Moto Biker Jacket,72.7,2005-02-28
D,fcf40f48,Silicon Power 256GB SSD 3D NAND A55 SLC Cache Performance Boost SATA III 2.5,992.0,1975-12-10
B,69d520e5,BIYLACLESEN Women's 3-in-1 Snowboard Jacket Winter Coats,39.33,1994-02-24
D,68ed4633,White Gold Plated Princess,185.33,1992-04-21
E,d5be574b,John Hardy Women's Legends Naga Gold & Silver Dragon Station Chain Bracelet,5.0,2007-03-24
E,f5c28832,Lock and Love Women's Removable Hooded Faux Leather Moto Biker Jacket,137.0,1970-01-25
C,ea9cea78,White Gold Plated Princess,17.38,1996-03-25
E,e8168d9c,Solid Gold Petite Micropave ,132.0,1975-02-23
F,22297a77,WD 4TB Gaming Drive Works with Playstation 4 Portable External Hard Drive,97.0,2016-10-09
E,b545f508,Rain Jacket Women Windbreaker Striped Climbing Raincoats,58.9,1982-08-03
F,f7f94fdc,Solid Gold Petite Micropave ,165.25,2000-05-09
F,2e09214a,Opna Women's Short Sleeve Moisture,89.1,1984-07-11
E,98910bf5,MBJ Women's Solid Short Sleeve Boat Neck V ,71.5,2008-11-08
C,4c77a7df,SanDisk SSD PLUS 1TB Internal SSD - SATA III 6 Gb/s,50.5,2020-06-12
A,51ad022e,Lock and Love Women's Removable Hooded Faux Leather Moto Biker Jacket,20.67,2015-07-15
B,ba99ebb0,Mens Casual Slim Fit,1.0,1988-04-28
F,bfaccfb7,DANVOUY Womens T Shirt Casual Cotton Short,58.57,1983-05-25
B,027c3eb4,"Fjallraven - Foldsack No. 1 Backpack, Fits 15 Laptops",201.5,2010-11-04
B,663f0021,MBJ Women's Solid Short Sleeve Boat Neck V ,47.25,1995-07-02
A,864891df,John Hardy Women's Legends Naga Gold & Silver Dragon Station Chain Bracelet,101.22,2001-07-07
B,c2f19d90,Mens Casual Premium Slim Fit T-Shirts ,376.0,1970-03-10
B,60956afc,Acer SB220Q bi 21.5 inches Full HD (1920 x 1080) IPS Ultra-Thin,22.5,2014-03-09
A,53604614,Mens Casual Premium Slim Fit T-Shirts ,67.67,1976-01-25
D,013d3ee1,WD 4TB Gaming Drive Works with Playstation 4 Portable External Hard Drive,72.6,1994-08-19
D,13935c64,WD 4TB Gaming Drive Works with Playstation 4 Portable External Hard Drive,123.14,1984-08-22
E,4b3781cb,BIYLACLESEN Women's 3-in-1 Snowboard Jacket Winter Coats,28.14,1990-09-06
B,93463957,Rain Jacket Women Windbreaker Striped Climbing Raincoats,110.8,1992-07-09
C,e0a3f96b,MBJ Women's Solid Short Sleeve Boat Neck V ,551.0,2014-11-04
E,48b947ba,Rain Jacket Women Windbreaker Striped Climbing Raincoats,77.89,1993-03-15
E,9e9cbfa9,Pierced Owl Rose Gold Plated Stainless Steel Double,90.22,2022-06-30
D,94fb4556,Solid Gold Petite Micropave ,98.12,2010-09-06
B,01b8a308,Acer SB220Q bi 21.5 inches Full HD (1920 x 1080) IPS Ultra-Thin,33.62,1993-02-18
A,8fe55eb5,White Gold Plated Princess,447.5,2000-02-25
D,d3991944,Pierced Owl Rose Gold Plated Stainless Steel Double,91.83,1984-07-03
C,64a62978,MBJ Women's Solid Short Sleeve Boat Neck V ,37.17,2005-08-03
B,e500d1ef,Silicon Power 256GB SSD 3D NAND A55 SLC Cache Performance Boost SATA III 2.5,619.0,1979-11-06
F,8606c2c8,Mens Casual Slim Fit,108.0,2013-05-08
C,00afd031,Silicon Power 256GB SSD 3D NAND A55 SLC Cache Performance Boost SATA III 2.5,123.88,1999-05-09
D,38eb893c,Mens Casual Premium Slim Fit T-Shirts ,88.8,1973-03-04
E,d460ffcc,Acer SB220Q bi 21.5 inches Full HD (1920 x 1080) IPS Ultra-Thin,233.25,2007-06-30
D,449c8c21,Opna Women's Short Sleeve Moisture,262.5,1994-12-31
E,468a737a,Mens Casual Premium Slim Fit T-Shirts ,404.0,1977-05-20
B,0996afe5,Pierced Owl Rose Gold Plated Stainless Steel Double,10.4,2008-12-06
E,c385980e,Lock and Love Women's Removable Hooded Faux Leather Moto Biker Jacket,161.83,1973-07-12
D,ae7b5dca,Acer SB220Q bi 21.5 inches Full HD (1920 x 1080) IPS Ultra-Thin,13.0,2012-05-18
C,06cbeb73,MBJ Women's Solid Short Sleeve Boat Neck V ,94.67,1983-09-24
E,4c67f123,John Hardy Women's Legends Naga Gold & Silver Dragon Station Chain Bracelet,6.0,1997-05-18
E,f9e12479,Lock and Love Women's Removable Hooded Faux Leather Moto Biker Jacket,115.62,1993-09-09
F,b69ef742,WD 2TB Elements Portable External Hard Drive - USB 3.0 ,66.0,1980-10-12
E,0c6d4d87,BIYLACLESEN Women's 3-in-1 Snowboard Jacket Winter Coats,656.0,1999-06-04
F,6c02248d,Mens Casual Premium Slim Fit T-Shirts ,198.25,1991-12-14
E,9b516fde,Solid Gold Petite Micropave ,63.67,1990-03-14
D,955eaccb,SanDisk SSD PLUS 1TB Internal SSD - SATA III 6 Gb/s,39.0,1977-11-23
F,7cb791a2,SanDisk SSD PLUS 1TB Internal SSD - SATA III 6 Gb/s,286.0,1986-04-02
E,7a96a468,SanDisk SSD PLUS 1TB Internal SSD - SATA III 6 Gb/s,113.67,1975-03-18
C,9c62d213,Opna Women's Short Sleeve Moisture,105.67,2021-08-15
E,b3d9d41d,SanDisk SSD PLUS 1TB Internal SSD - SATA III 6 Gb/s,9.83,2015-11-03
D,c6e721ea,Pierced Owl Rose Gold Plated Stainless Steel Double,96.17,1990-04-14
A,6b0f4149,WD 2TB Elements Portable External Hard Drive - USB 3.0 ,65.17,1985-06-28
C,e9df471c,BIYLACLESEN Women's 3-in-1 Snowboard Jacket Winter Coats,35.78,1994-03-21
F,d6db17ba,Silicon Power 256GB SSD 3D NAND A55 SLC Cache Performance Boost SATA III 2.5,49.89,1995-09-03
B,309caa82,SanDisk SSD PLUS 1TB Internal SSD - SATA III 6 Gb/s,110.0,1975-12-01
F,76512801,Acer SB220Q bi 21.5 inches Full HD (1920 x 1080) IPS Ultra-Thin,62.88,2002-09-02
E,1e583668,MBJ Women's Solid Short Sleeve Boat Neck V ,92.0,2004-07-06
C,35cfb33d,Acer SB220Q bi 21.5 inches Full HD (1920 x 1080) IPS Ultra-Thin,129.0,1981-04-11
E,43f8c772,Rain Jacket Women Windbreaker Striped Climbing Raincoats,38.1,2008-10-08
D,33cfc470,White Gold Plated Princess,24.6,2018-06-08
C,428e7a6d,"Fjallraven - Foldsack No. 1 Backpack, Fits 15 Laptops",945.0,1973-10-08
C,86d3f87c,"Fjallraven - Foldsack No. 1 Backpack, Fits 15 Laptops",569.0,1998-04-10
B,4a83ad47,Mens Cotton Jacket,310.0,1990-12-07
E,01527626,Acer SB220Q bi 21.5 inches Full HD (1920 x 1080) IPS Ultra-Thin,229.0,1977-01-29
E,82122b6a,MBJ Women's Solid Short Sleeve Boat Neck V ,5.67,2002-11-28
A,77e9dea8,Mens Casual Slim Fit,96.12,1998-09-06
C,35421a35,John Hardy Women's Legends Naga Gold & Silver Dragon Station Chain Bracelet,79.0,1997-09-29
E,1b5df395,Acer SB220Q bi 21.5 inches Full HD (1920 x 1080) IPS Ultra-Thin,137.17,1992-08-26
E,aaaa4171,John Hardy Women's Legends Naga Gold & Silver Dragon Station Chain Bracelet,21.25,1975-08-09
D,139720b5,Samsung 49-Inch CHG90 144Hz Curved Gaming Monitor (LC49HG90DMNXZA) – Super Ultrawide Screen QLED ,25.62,1980-11-26
E,e69b28c7,Rain Jacket Women Windbreaker Striped Climbing Raincoats,167.0,2010-06-14
F,a2cb49a5,WD 4TB Gaming Drive Works with Playstation 4 Portable External Hard Drive,190.33,1997-02-20
F,6c199ffd,Opna Women's Short Sleeve Moisture,298.67,2019-08-13
C,f094980c,MBJ Women's Solid Short Sleeve Boat Neck V ,12.89,2015-07-22
E,8e38f1ae,Mens Casual Premium Slim Fit T-Shirts ,356.0,1989-07-18
F,ebc34ce7,BIYLACLESEN Women's 3-in-1 Snowboard Jacket Winter Coats,13.3,2021-04-06
F,20398b31,Pierced Owl Rose Gold Plated Stainless Steel Double,72.33,1970-07-21
B,83069099,DANVOUY Womens T Shirt Casual Cotton Short,30.33,1986-03-03
B,698eb701,John Hardy Women's Legends Naga Gold & Silver Dragon Station Chain Bracelet,91.29,1996-03-12
F,88d1e1d7,Pierced Owl Rose Gold Plated Stainless Steel Double,65.89,2011-11-17
D,513723f2,Mens Casual Premium Slim Fit T-Shirts ,74.88,2015-02-22
B,af2d391a,Mens Cotton Jacket,51.0,1982-03-05
F,730be75a,Lock and Love Women's Removable Hooded Faux Leather Moto Biker Jacket,92.1,1979-04-01
C,e4fd4f0d,Solid Gold Petite Micropave ,100.5,2014-09-11
A,a413b918,Samsung 49-Inch CHG90 144Hz Curved Gaming Monitor (LC49HG90DMNXZA) – Super Ultrawide Screen QLED ,159.4,1992-10-12
B,6b09faa6,MBJ Women's Solid Short Sleeve Boat Neck V ,177.33,2020-08-31
D,1c3ab4de,Samsung 49-Inch CHG90 144Hz Curved Gaming Monitor (LC49HG90DMNXZA) – Super Ultrawide Screen QLED ,46.0,1980-01-25
E,3ba59752,DANVOUY Womens T Shirt Casual Cotton Short,88.33,2010-02-21
A,e20ed43d,WD 4TB Gaming Drive Works with Playstation 4 Portable External Hard Drive,75.78,2001-01-21
D,4d60472d,Acer SB220Q bi 21.5 inches Full HD (1920 x 1080) IPS Ultra-Thin,451.5,2012-01-06
